{"cameraMode":{"drawMode":0,"name":"Shaded","section":"Shading Mode"},"sceneLighting":false,"audioPlay":false,"sceneViewState":{"showFog":true,"showMaterialUpdate":false,"showSkybox":false,"showFlares":true,"showImageEffects":true,"showParticleSystems":true},"in2DMode":false,"pivot":{"x":8.399291038513184,"y":0.8154854774475098,"z":3.048794746398926},"rotation":{"x":-0.38635653257369997,"y":-0.12887127697467805,"z":0.05459359288215637,"w":-0.9117531180381775},"size":1.269982933998108,"orthographic":false}