{"cameraMode":{"drawMode":0,"name":"Shaded","section":"Shading Mode"},"sceneLighting":true,"audioPlay":false,"sceneViewState":{"showFog":true,"showMaterialUpdate":false,"showSkybox":true,"showFlares":true,"showImageEffects":true,"showParticleSystems":true},"in2DMode":false,"pivot":{"x":8.30964183807373,"y":1.716879963874817,"z":4.513848304748535},"rotation":{"x":0.11538681387901306,"y":0.0488092303276062,"z":-0.00643972447142005,"w":0.9922178983688355},"size":2.3739776611328127,"orthographic":false}