{"cameraMode":{"drawMode":0,"name":"Shaded","section":"Shading Mode"},"sceneLighting":true,"audioPlay":false,"sceneViewState":{"showFog":true,"showMaterialUpdate":false,"showSkybox":true,"showFlares":true,"showImageEffects":true,"showParticleSystems":true},"in2DMode":false,"pivot":{"x":13.416315078735352,"y":13.741596221923829,"z":-1.088897705078125},"rotation":{"x":-0.10089412331581116,"y":-0.8862009048461914,"z":0.2299737185239792,"w":-0.38973096013069155},"size":9.58251667022705,"orthographic":false}